nll-oracle,nll-test,EmbeddingSimilarity,
1,10.789141,7.6083584,-0.21419294644105125,
6,10.146373,6.966206,-0.2084216962995941,
11,9.992838,6.6813955,-0.2088095359146619,
16,10.002705,6.5778146,-0.21153881742510622,
21,9.9630785,6.4773593,-0.21019231029887342,
26,9.932631,6.3960876,-0.20798684648228288,
31,9.911194,6.3205433,-0.21454143759231217,
36,9.899636,6.267409,-0.2096758696725376,
41,9.8894825,6.218518,-0.20950547683201462,
46,9.882321,6.1828246,-0.2110417653042944,
